customer_id,signup_date,last_purchase_date,trade_type,total_spent,visits,avg_basket_size,category_pref,loyalty_spend,tier_status,pro_desk_visits,credit_card_usage
1001,2022-08-17,2025-07-07,Landscaper,11839.71,23,514.77,Building Materials,9157.63,Member,5,Yes
1002,2022-07-29,2024-01-21,Plumber,11550.48,19,607.92,Tools,9547.36,Member,3,Yes
1003,2023-03-24,2024-12-06,Roofer,12513.46,31,403.66,Tools,8859.04,Member,1,Yes
1004,2024-05-09,2024-12-19,Painter,6105.22,22,277.51,Tools,4783.18,Member,0,No
1005,2022-11-23,2024-05-26,Contractor,9698.4,27,359.2,Building Materials,7241.25,Member,0,No
1006,2023-11-21,2025-04-19,Plumber,10962.0,24,456.75,Paint,7991.46,Member,0,No
1007,2023-06-26,2025-06-18,Landscaper,8707.4,26,334.9,Paint,7495.93,Member,2,No
1008,2024-02-15,2025-05-13,Roofer,8576.26,22,389.83,Building Materials,8137.34,Member,5,No
1009,2024-01-11,2023-12-19,Electrician,9580.5,18,532.25,Outdoor,6906.26,Member,0,No
1010,2023-08-16,2025-05-12,Electrician,6977.96,22,317.18,Plumbing,5680.32,Member,2,No
1011,2024-01-18,2025-02-16,Contractor,11399.44,26,438.44,Building Materials,8696.09,Member,1,Yes
1012,2022-05-27,2025-02-07,Roofer,9290.62,23,403.94,Outdoor,7185.77,Member,4,No
1013,2023-07-07,2024-01-09,Electrician,10613.02,22,482.41,Outdoor,8461.6,Member,1,No
1014,2022-04-25,2024-12-10,Plumber,16039.9,29,553.1,Building Materials,13158.32,Elite,6,Yes
1015,2023-10-07,2024-12-27,Landscaper,10616.32,29,366.08,Paint,8691.47,Member,1,No
1016,2024-07-28,2025-03-08,Contractor,12464.48,31,402.08,Electrical,9647.36,Member,1,No
1017,2023-06-23,2023-12-12,Painter,11687.5,22,531.25,Tools,9581.65,Member,4,Yes
1018,2022-10-11,2024-02-27,Painter,15557.12,32,486.16,Plumbing,14417.32,Elite,3,No
1019,2022-11-10,2025-02-19,Landscaper,12946.18,29,446.42,Paint,11378.69,Elite,8,Yes
1020,2024-08-16,2024-02-07,Contractor,11467.5,25,458.7,Tools,10988.55,Elite,4,Yes
1021,2022-08-23,2024-01-30,Contractor,9416.66,22,428.03,Outdoor,7552.66,Member,2,Yes
1022,2022-11-20,2024-04-24,Plumber,8859.6,24,369.15,Outdoor,8529.63,Member,0,Yes
1023,2024-10-22,2025-01-31,Roofer,18412.36,34,541.54,Plumbing,17697.14,Elite,5,Yes
1024,2024-11-05,2025-01-10,Electrician,13791.3,30,459.71,Building Materials,12808.71,Elite,6,Yes
1025,2024-12-22,2025-08-01,Roofer,9037.38,22,410.79,Building Materials,7650.88,Member,0,Yes
1026,2024-01-14,2024-09-21,Electrician,9977.52,24,415.73,Plumbing,7705.25,Member,0,No
1027,2022-06-11,2025-05-06,Landscaper,22351.7,35,638.62,Paint,21118.04,Elite,5,No
1028,2024-12-26,2025-03-26,Electrician,9808.56,38,258.12,Outdoor,8264.54,Member,1,No
1029,2023-06-27,2024-02-08,Roofer,10032.44,22,456.02,Paint,9925.18,Member,6,No
1030,2023-02-16,2024-09-16,Painter,6030.64,14,430.76,Outdoor,5397.2,Member,2,No
1031,2024-11-25,2024-04-26,Plumber,10721.32,19,564.28,Electrical,8227.64,Member,3,Yes
1032,2023-04-17,2024-12-19,Plumber,12395.88,21,590.28,Plumbing,11309.41,Elite,2,Yes
1033,2022-05-19,2025-06-30,Contractor,9475.65,27,350.95,Plumbing,8094.54,Member,0,Yes
1034,2024-09-21,2024-12-25,Roofer,8258.04,28,294.93,Electrical,7572.67,Member,2,No
1035,2024-08-26,2024-11-26,Painter,9667.62,27,358.06,Paint,7319.58,Member,5,Yes
1036,2024-06-01,2024-08-04,Painter,13008.45,35,371.67,Paint,10928.5,Elite,4,No
1037,2022-07-21,2025-05-31,Painter,9927.75,21,472.75,Outdoor,7959.98,Member,4,No
1038,2023-05-25,2025-01-17,Electrician,11899.75,25,475.99,Tools,9931.34,Member,3,Yes
1039,2023-07-25,2024-04-15,Electrician,11048.18,22,502.19,Plumbing,9202.46,Member,2,No
1040,2022-07-20,2025-06-11,Landscaper,12224.0,32,382.0,Tools,11622.68,Elite,5,No
1041,2023-04-30,2025-02-12,Painter,12941.37,27,479.31,Paint,10927.79,Elite,3,No
1042,2022-05-01,2025-02-14,Painter,8602.62,26,330.87,Plumbing,8564.71,Member,3,Yes
1043,2024-07-20,2024-10-13,Painter,15844.08,28,565.86,Outdoor,15641.2,Elite,3,No
1044,2024-09-23,2025-02-24,Electrician,14369.67,27,532.21,Building Materials,10997.26,Elite,8,Yes
1045,2022-05-05,2024-09-14,Plumber,6137.85,17,361.05,Plumbing,5372.17,Member,0,No
1046,2024-12-23,2025-02-21,Plumber,14441.6,32,451.3,Tools,10456.2,Elite,7,Yes
1047,2022-05-20,2024-12-04,Painter,13326.82,26,512.57,Plumbing,13093.32,Elite,3,Yes
1048,2022-03-23,2025-05-10,Painter,7544.02,22,342.91,Outdoor,6601.78,Member,2,No
1049,2023-06-19,2025-01-04,Landscaper,16411.56,33,497.32,Outdoor,13034.97,Elite,4,Yes
1050,2022-09-26,2024-09-28,Painter,8917.7,22,405.35,Building Materials,8727.8,Member,3,No
1051,2022-01-20,2024-04-19,Roofer,8879.08,19,467.32,Tools,8868.68,Member,2,Yes
1052,2023-03-13,2024-03-01,Contractor,11851.32,26,455.82,Electrical,11614.03,Elite,2,No
1053,2023-05-16,2024-07-19,Contractor,17865.92,32,558.31,Electrical,14854.72,Elite,7,Yes
1054,2023-09-12,2024-02-07,Plumber,11534.5,23,501.5,Outdoor,10901.62,Elite,6,Yes
1055,2022-08-01,2025-03-17,Contractor,12677.25,25,507.09,Plumbing,12257.81,Elite,7,No
1056,2022-11-15,2024-10-27,Contractor,11717.16,28,418.47,Tools,8942.41,Member,3,Yes
1057,2023-06-25,2024-03-02,Painter,9233.58,23,401.46,Building Materials,8971.36,Member,2,No
1058,2022-07-09,2024-05-25,Contractor,12447.12,24,518.63,Plumbing,8726.22,Member,0,No
1059,2023-06-21,2025-02-17,Landscaper,4028.1,10,402.81,Paint,3486.34,Member,4,Yes
1060,2022-01-20,2025-04-09,Plumber,6812.46,18,378.47,Outdoor,6616.12,Member,3,No
1061,2024-01-27,2023-12-14,Roofer,12273.12,27,454.56,Electrical,10173.63,Elite,3,Yes
1062,2024-01-17,2025-06-22,Contractor,6434.74,26,247.49,Electrical,5820.99,Member,2,No
1063,2023-12-26,2024-01-06,Painter,11122.5,30,370.75,Tools,10286.57,Elite,4,No
1064,2023-04-30,2025-02-16,Electrician,10229.07,31,329.97,Paint,7236.41,Member,1,No
1065,2023-11-12,2024-06-06,Landscaper,11904.45,19,626.55,Outdoor,11228.57,Elite,5,Yes
1066,2022-08-10,2024-07-06,Plumber,17879.94,27,662.22,Paint,13709.09,Elite,7,No
1067,2024-07-31,2024-08-08,Contractor,13840.56,24,576.69,Electrical,10614.01,Elite,3,No
1068,2024-03-27,2024-08-30,Contractor,6426.94,13,494.38,Plumbing,6363.1,Member,3,Yes
1069,2024-11-09,2024-06-18,Landscaper,3146.75,25,125.87,Tools,2515.34,Member,0,Yes
1070,2023-06-19,2025-01-31,Roofer,11651.56,19,613.24,Building Materials,8289.82,Member,0,No
1071,2023-12-09,2024-09-14,Painter,16041.51,27,594.13,Tools,15965.65,Elite,2,Yes
1072,2023-01-25,2024-11-14,Plumber,8796.25,25,351.85,Outdoor,7308.08,Member,2,No
1073,2025-01-07,2025-01-12,Contractor,7311.68,16,456.98,Paint,5271.66,Member,1,No
1074,2023-11-08,2024-09-14,Landscaper,21301.0,35,608.6,Plumbing,19510.15,Elite,2,Yes
1075,2023-09-26,2024-06-09,Contractor,10435.68,24,434.82,Paint,9487.73,Member,3,No
1076,2023-01-28,2024-05-28,Landscaper,9562.0,20,478.1,Paint,8636.35,Member,0,No
1077,2023-09-09,2024-06-12,Roofer,6256.96,16,391.06,Plumbing,4950.27,Member,3,Yes
1078,2023-10-22,2024-04-12,Painter,9719.28,18,539.96,Paint,8773.48,Member,2,No
1079,2022-12-14,2025-05-07,Contractor,11544.06,22,524.73,Tools,10379.91,Elite,6,No
1080,2022-07-11,2024-12-04,Landscaper,11608.33,23,504.71,Building Materials,8908.14,Member,1,Yes
1081,2022-02-20,2025-06-15,Electrician,16508.74,31,532.54,Paint,14583.53,Elite,6,No
1082,2024-07-21,2024-06-03,Landscaper,12955.0,25,518.2,Tools,9824.17,Member,1,No
1083,2024-10-09,2024-06-18,Electrician,11095.66,23,482.42,Electrical,9950.78,Member,1,Yes
1084,2022-08-07,2024-05-23,Electrician,13254.48,36,368.18,Electrical,12475.55,Elite,9,No
1085,2024-08-09,2025-06-11,Roofer,12447.82,22,565.81,Electrical,12139.62,Elite,6,Yes
1086,2022-10-01,2024-04-13,Landscaper,7778.86,17,457.58,Tools,7750.61,Member,0,No
1087,2024-06-25,2024-03-03,Painter,8818.8,24,367.45,Tools,7352.89,Member,1,Yes
1088,2024-08-30,2024-04-28,Contractor,6987.82,19,367.78,Electrical,6652.12,Member,2,Yes
1089,2024-12-03,2024-03-23,Landscaper,6849.3,17,402.9,Electrical,5358.75,Member,2,Yes
1090,2023-08-09,2024-12-04,Contractor,8697.68,23,378.16,Building Materials,6922.6,Member,1,No
1091,2022-10-11,2025-02-28,Electrician,15537.33,29,535.77,Paint,14110.77,Elite,4,No
1092,2022-05-12,2024-06-03,Painter,8066.7,18,448.15,Building Materials,6959.81,Member,1,Yes
1093,2023-02-28,2024-05-28,Painter,7234.05,15,482.27,Tools,7116.99,Member,0,Yes
1094,2024-02-19,2024-03-31,Plumber,12734.48,29,439.12,Building Materials,10054.94,Elite,5,Yes
1095,2024-05-08,2024-01-28,Landscaper,10393.02,22,472.41,Outdoor,8977.9,Member,2,No
1096,2023-03-28,2024-03-20,Electrician,7239.2,16,452.45,Building Materials,6013.97,Member,2,Yes
1097,2023-11-20,2024-06-13,Landscaper,17963.64,27,665.32,Electrical,17104.11,Elite,3,No
1098,2024-12-29,2025-07-05,Painter,17393.48,26,668.98,Tools,15120.46,Elite,3,Yes
1099,2024-05-27,2025-03-16,Painter,4989.81,21,237.61,Electrical,3568.14,Member,0,Yes
1100,2023-03-10,2024-04-23,Contractor,12588.68,26,484.18,Building Materials,11686.94,Elite,8,Yes
1101,2024-05-13,2024-11-16,Plumber,7923.52,22,360.16,Paint,5592.54,Member,2,No
1102,2023-12-18,2024-12-15,Landscaper,10493.34,33,317.98,Plumbing,9804.66,Member,5,No
1103,2022-03-05,2024-11-21,Electrician,19309.96,34,567.94,Plumbing,17116.36,Elite,4,Yes
1104,2024-08-27,2025-04-06,Roofer,11402.3,26,438.55,Electrical,9572.35,Member,4,Yes
1105,2024-01-26,2025-02-11,Roofer,10812.48,24,450.52,Tools,10694.84,Elite,5,No
1106,2022-12-02,2024-09-17,Plumber,10640.44,31,343.24,Tools,7530.28,Member,1,Yes
1107,2024-02-08,2024-06-21,Landscaper,19282.92,37,521.16,Electrical,13937.67,Elite,2,No
1108,2023-05-13,2025-04-19,Landscaper,13047.21,27,483.23,Building Materials,12461.23,Elite,3,No
1109,2022-09-05,2023-12-31,Plumber,14198.25,25,567.93,Building Materials,12207.99,Elite,5,No
1110,2022-05-22,2024-03-01,Landscaper,11052.6,26,425.1,Building Materials,7778.77,Member,3,Yes
1111,2024-09-30,2025-04-15,Painter,9261.72,18,514.54,Building Materials,8249.19,Member,4,No
1112,2022-11-10,2024-05-13,Electrician,15563.52,28,555.84,Outdoor,13330.53,Elite,1,No
1113,2025-01-07,2024-03-24,Painter,9730.38,23,423.06,Paint,9221.68,Member,3,No
1114,2023-10-23,2024-11-23,Plumber,15321.5,25,612.86,Building Materials,14777.42,Elite,2,Yes
1115,2024-08-09,2023-12-27,Roofer,12210.25,25,488.41,Outdoor,9935.44,Member,1,Yes
1116,2023-10-28,2025-01-27,Painter,7988.75,25,319.55,Electrical,6442.51,Member,3,Yes
1117,2023-07-27,2024-10-23,Roofer,7786.56,16,486.66,Plumbing,6657.42,Member,0,Yes
1118,2023-05-10,2024-06-11,Painter,8874.6,20,443.73,Tools,8230.74,Member,3,No
1119,2024-10-02,2024-04-30,Plumber,10718.19,27,396.97,Plumbing,8448.83,Member,0,Yes
1120,2023-05-14,2024-09-22,Landscaper,8786.0,20,439.3,Tools,7122.86,Member,0,No
1121,2023-12-06,2024-05-23,Landscaper,12929.4,20,646.47,Tools,10333.66,Elite,5,No
1122,2023-07-09,2024-09-22,Contractor,11846.79,27,438.77,Electrical,8721.57,Member,1,Yes
1123,2022-09-02,2024-01-31,Landscaper,11908.5,30,396.95,Electrical,9020.24,Member,0,No
1124,2023-07-21,2024-02-11,Roofer,6865.04,23,298.48,Building Materials,6824.9,Member,4,No
1125,2023-08-30,2024-12-12,Contractor,12183.84,24,507.66,Electrical,9633.52,Member,2,No
1126,2022-09-17,2024-10-25,Plumber,10930.25,25,437.21,Plumbing,9465.68,Member,0,No
1127,2022-09-16,2024-03-17,Plumber,9359.0,25,374.36,Plumbing,8163.1,Member,0,No
1128,2024-06-21,2024-08-18,Electrician,12374.2,20,618.71,Plumbing,9599.21,Member,3,No
1129,2022-08-22,2025-05-27,Painter,13732.2,30,457.74,Paint,9917.73,Member,0,No
1130,2022-04-20,2025-02-27,Electrician,9003.28,26,346.28,Tools,8865.87,Member,1,Yes
1131,2023-05-24,2025-04-02,Roofer,11937.64,22,542.62,Paint,10527.75,Elite,8,No
1132,2023-04-08,2024-02-13,Painter,10393.38,27,384.94,Paint,10108.1,Elite,4,Yes
1133,2024-05-28,2024-09-23,Roofer,9097.0,20,454.85,Tools,6532.27,Member,0,No
1134,2022-07-23,2025-01-01,Landscaper,7061.76,18,392.32,Electrical,5503.89,Member,3,Yes
1135,2023-05-07,2025-02-05,Roofer,8738.67,19,459.93,Plumbing,6527.44,Member,3,Yes
1136,2024-08-20,2024-10-07,Plumber,9977.24,26,383.74,Electrical,7846.42,Member,3,Yes
1137,2024-07-18,2025-05-21,Landscaper,6319.5,22,287.25,Electrical,6175.25,Member,2,No
1138,2023-02-10,2024-05-23,Plumber,9249.48,18,513.86,Tools,7098.45,Member,0,Yes
1139,2023-06-29,2025-03-09,Plumber,7311.58,19,384.82,Plumbing,5482.05,Member,2,Yes
1140,2023-08-15,2024-05-09,Plumber,12113.86,22,550.63,Paint,10982.47,Elite,3,No
1141,2023-07-12,2024-03-07,Roofer,10562.58,21,502.98,Paint,8780.96,Member,4,No
1142,2024-06-03,2024-09-05,Roofer,12692.75,25,507.71,Building Materials,8983.41,Member,1,Yes
1143,2022-02-12,2024-10-30,Roofer,8255.88,18,458.66,Plumbing,7669.16,Member,1,Yes
1144,2024-11-28,2024-05-06,Contractor,12577.76,26,483.76,Electrical,12566.23,Elite,4,Yes
1145,2024-10-04,2025-04-30,Painter,9789.0,20,489.45,Building Materials,8051.5,Member,1,Yes
1146,2022-08-03,2025-02-18,Contractor,14501.97,27,537.11,Paint,13169.27,Elite,4,Yes
1147,2024-03-31,2024-01-16,Plumber,5662.37,23,246.19,Paint,4113.25,Member,0,Yes
1148,2022-08-26,2024-06-14,Roofer,10844.16,24,451.84,Plumbing,9730.44,Member,5,No
1149,2024-04-26,2025-06-07,Electrician,11191.74,21,532.94,Tools,9048.9,Member,0,No
1150,2024-06-24,2025-06-10,Electrician,9970.62,33,302.14,Building Materials,8622.25,Member,4,No
1151,2024-06-16,2024-03-23,Plumber,9752.32,19,513.28,Plumbing,9673.76,Member,6,No
1152,2023-05-06,2025-02-20,Contractor,12929.92,32,404.06,Tools,9103.99,Member,0,Yes
1153,2023-04-06,2025-04-07,Painter,9600.36,21,457.16,Plumbing,8585.73,Member,1,Yes
1154,2023-08-21,2024-02-27,Landscaper,9729.23,23,423.01,Building Materials,8023.18,Member,0,No
1155,2024-08-25,2024-11-25,Painter,15771.0,30,525.7,Tools,11724.04,Elite,3,Yes
1156,2024-11-06,2025-03-15,Plumber,13757.52,28,491.34,Building Materials,12819.29,Elite,8,No
1157,2023-11-28,2024-02-29,Contractor,5714.73,21,272.13,Plumbing,4485.22,Member,4,Yes
1158,2024-09-29,2025-03-02,Painter,11472.0,24,478.0,Tools,9697.31,Member,0,Yes
1159,2024-02-12,2024-04-22,Contractor,11523.5,25,460.94,Electrical,11457.04,Elite,6,Yes
1160,2024-02-24,2024-12-05,Painter,17869.6,28,638.2,Plumbing,14214.43,Elite,7,Yes
1161,2024-02-20,2024-07-02,Landscaper,8424.96,24,351.04,Outdoor,8376.48,Member,1,No
1162,2022-03-17,2025-03-25,Roofer,8984.0,32,280.75,Tools,7183.59,Member,5,Yes
1163,2024-06-20,2025-04-21,Roofer,4883.06,14,348.79,Paint,3440.62,Member,0,Yes
1164,2022-11-13,2025-05-17,Painter,8025.0,25,321.0,Building Materials,6432.59,Member,0,No
1165,2022-06-14,2024-08-30,Landscaper,12297.16,29,424.04,Tools,10009.92,Elite,1,Yes
1166,2024-09-26,2024-01-25,Plumber,3425.89,19,180.31,Tools,2468.44,Member,1,No
1167,2023-08-12,2024-12-12,Landscaper,20951.7,33,634.9,Plumbing,17393.92,Elite,7,Yes
1168,2022-07-25,2024-05-04,Electrician,13439.46,19,707.34,Outdoor,10615.02,Elite,5,Yes
1169,2023-10-27,2025-06-05,Contractor,8934.4,20,446.72,Building Materials,7258.77,Member,0,Yes
1170,2024-12-23,2024-06-06,Roofer,11037.0,26,424.5,Outdoor,10350.01,Elite,8,Yes
1171,2022-06-11,2024-07-06,Roofer,14365.25,25,574.61,Outdoor,11093.55,Elite,0,No
1172,2022-10-21,2024-12-07,Painter,5875.75,19,309.25,Outdoor,4560.72,Member,0,Yes
1173,2022-01-20,2024-04-12,Contractor,14676.39,27,543.57,Outdoor,12680.1,Elite,7,Yes
1174,2023-12-09,2024-09-29,Landscaper,8348.55,21,397.55,Paint,7572.92,Member,2,No
1175,2023-09-11,2025-01-10,Painter,11501.19,27,425.97,Paint,8418.82,Member,1,Yes
1176,2024-01-06,2023-12-22,Contractor,11589.2,28,413.9,Outdoor,9138.89,Member,4,No
1177,2024-03-21,2024-10-24,Plumber,13751.37,27,509.31,Tools,13194.72,Elite,4,No
1178,2022-04-11,2024-03-11,Contractor,9652.2,20,482.61,Electrical,8514.39,Member,0,Yes
1179,2023-01-25,2024-11-18,Landscaper,9545.52,24,397.73,Outdoor,8879.64,Member,4,No
1180,2022-10-08,2025-04-24,Landscaper,6181.14,21,294.34,Outdoor,4399.9,Member,3,No
1181,2022-03-10,2023-12-17,Contractor,6528.87,27,241.81,Outdoor,4827.6,Member,5,No
1182,2023-11-01,2024-06-02,Electrician,8701.22,22,395.51,Electrical,6435.84,Member,2,No
1183,2024-01-20,2024-02-05,Roofer,14304.02,31,461.42,Building Materials,13576.54,Elite,5,Yes
1184,2024-09-13,2024-10-03,Landscaper,11538.72,24,480.78,Building Materials,10861.05,Elite,1,Yes
1185,2022-06-04,2025-03-10,Electrician,12611.43,27,467.09,Outdoor,11568.02,Elite,4,No
1186,2024-01-20,2025-05-01,Painter,8922.02,19,469.58,Plumbing,6953.27,Member,0,Yes
1187,2024-01-25,2024-11-06,Roofer,11611.32,21,552.92,Paint,10992.73,Elite,5,No
1188,2022-08-10,2024-12-05,Painter,9512.0,20,475.6,Plumbing,8426.34,Member,3,No
1189,2023-11-03,2024-12-18,Landscaper,6913.66,26,265.91,Plumbing,6157.45,Member,0,No
1190,2023-09-11,2024-06-09,Plumber,12544.25,25,501.77,Electrical,8951.63,Member,0,Yes
1191,2024-10-05,2025-04-05,Plumber,6221.6,16,388.85,Electrical,6011.17,Member,0,Yes
1192,2024-07-18,2024-07-18,Landscaper,7753.02,22,352.41,Outdoor,7047.07,Member,4,No
1193,2022-11-13,2024-06-03,Landscaper,12982.58,26,499.33,Plumbing,12334.85,Elite,5,No
1194,2023-07-27,2025-06-29,Landscaper,11380.76,29,392.44,Building Materials,8708.34,Member,2,No
1195,2023-04-29,2024-07-26,Plumber,14123.25,25,564.93,Outdoor,11442.66,Elite,3,No
1196,2024-01-05,2025-05-31,Painter,8037.0,18,446.5,Building Materials,6083.55,Member,5,Yes
1197,2024-07-20,2025-04-30,Landscaper,14581.84,28,520.78,Electrical,13014.46,Elite,3,Yes
1198,2022-02-13,2025-06-11,Contractor,15365.4,30,512.18,Electrical,15313.87,Elite,1,No
1199,2023-02-25,2025-05-23,Roofer,10178.88,23,442.56,Electrical,8915.83,Member,3,No
1200,2023-04-23,2024-08-30,Electrician,9760.4,20,488.02,Tools,6840.58,Member,3,No
1201,2022-10-24,2025-03-21,Roofer,16001.7,30,533.39,Building Materials,15034.46,Elite,5,Yes
1202,2022-02-22,2025-03-20,Plumber,10352.16,21,492.96,Building Materials,9699.93,Member,2,Yes
1203,2023-10-26,2025-07-16,Electrician,6837.8,20,341.89,Building Materials,4893.95,Member,4,No
1204,2024-12-13,2025-04-07,Landscaper,15849.05,35,452.83,Plumbing,13358.75,Elite,5,No
1205,2024-11-17,2025-04-12,Painter,10111.42,22,459.61,Tools,7750.05,Member,1,No
1206,2024-12-03,2024-09-27,Painter,9916.41,21,472.21,Outdoor,9809.39,Member,1,Yes
1207,2024-09-07,2024-06-16,Painter,9488.82,22,431.31,Outdoor,6949.5,Member,1,No
1208,2024-06-27,2025-05-18,Plumber,14382.68,26,553.18,Building Materials,12692.56,Elite,2,Yes
1209,2023-07-18,2023-12-11,Roofer,14663.36,32,458.23,Outdoor,11694.85,Elite,7,No
1210,2024-12-22,2024-10-04,Painter,13939.45,35,398.27,Tools,12289.41,Elite,7,Yes
1211,2022-08-23,2024-01-15,Landscaper,10136.25,25,405.45,Electrical,8403.16,Member,4,No
1212,2024-04-27,2024-08-19,Painter,9791.52,24,407.98,Paint,8076.02,Member,1,Yes
1213,2024-05-24,2024-09-15,Landscaper,8040.57,23,349.59,Building Materials,6531.28,Member,0,Yes
1214,2024-08-29,2025-05-25,Plumber,5804.89,13,446.53,Plumbing,4225.78,Member,2,Yes
1215,2024-02-03,2025-03-21,Roofer,12613.89,23,548.43,Plumbing,11049.0,Elite,4,Yes
1216,2023-11-07,2025-03-29,Painter,11820.55,35,337.73,Building Materials,11372.34,Elite,5,No
1217,2024-05-16,2025-06-10,Contractor,16762.2,35,478.92,Tools,13304.74,Elite,9,Yes
1218,2024-11-05,2024-12-27,Electrician,8141.49,21,387.69,Outdoor,6876.77,Member,0,No
1219,2023-12-19,2024-01-10,Contractor,17169.45,29,592.05,Plumbing,15946.67,Elite,3,Yes
1220,2024-05-28,2024-01-05,Roofer,11053.84,28,394.78,Tools,9976.01,Member,3,No
1221,2023-07-02,2025-07-03,Electrician,12095.0,20,604.75,Building Materials,11016.24,Elite,8,Yes
1222,2023-11-27,2024-08-07,Plumber,10050.39,21,478.59,Electrical,9658.01,Member,2,No
1223,2024-03-31,2025-05-22,Electrician,11672.37,27,432.31,Outdoor,10387.84,Elite,3,Yes
1224,2024-12-22,2024-12-24,Painter,10273.87,23,446.69,Paint,8589.92,Member,5,Yes
1225,2023-10-01,2024-09-03,Roofer,6371.84,16,398.24,Tools,4622.69,Member,2,Yes
1226,2022-11-19,2025-06-12,Landscaper,21783.39,31,702.69,Plumbing,17026.57,Elite,3,No
1227,2024-09-21,2024-05-06,Painter,15545.7,30,518.19,Building Materials,11887.34,Elite,8,Yes
1228,2023-12-08,2024-05-18,Plumber,15961.5,30,532.05,Building Materials,14420.66,Elite,6,Yes
1229,2024-12-15,2024-09-20,Plumber,16470.16,28,588.22,Electrical,13482.13,Elite,6,Yes
1230,2022-01-16,2025-01-04,Contractor,13865.28,32,433.29,Electrical,12897.55,Elite,5,No
1231,2023-08-16,2024-08-31,Plumber,10711.14,22,486.87,Plumbing,9096.07,Member,1,No
1232,2022-09-22,2024-07-08,Roofer,14542.41,31,469.11,Outdoor,11183.6,Elite,5,Yes
1233,2023-12-27,2025-05-20,Painter,13892.85,27,514.55,Outdoor,9901.3,Member,6,Yes
1234,2022-06-09,2024-09-15,Roofer,13773.26,29,474.94,Paint,12010.56,Elite,8,No
1235,2024-05-05,2024-10-09,Plumber,19410.02,38,510.79,Paint,13708.46,Elite,5,Yes
1236,2024-07-31,2024-07-27,Plumber,15606.08,28,557.36,Paint,14877.98,Elite,2,Yes
1237,2024-03-31,2024-02-12,Plumber,8542.5,15,569.5,Paint,8210.69,Member,0,No
1238,2023-03-30,2024-08-25,Electrician,17589.95,29,606.55,Plumbing,15006.78,Elite,4,Yes
1239,2024-11-10,2025-01-15,Contractor,8545.6,28,305.2,Building Materials,7846.69,Member,0,No
1240,2022-10-30,2024-12-03,Plumber,6609.72,19,347.88,Electrical,5134.37,Member,3,Yes
1241,2022-11-10,2025-05-16,Electrician,5151.52,16,321.97,Outdoor,4369.7,Member,3,No
1242,2024-07-08,2024-01-01,Landscaper,18540.72,36,515.02,Outdoor,18465.81,Elite,4,Yes
1243,2023-10-10,2025-02-28,Painter,7138.8,24,297.45,Plumbing,6001.42,Member,0,No
1244,2023-07-17,2025-06-05,Contractor,10395.2,32,324.85,Tools,7508.01,Member,4,No
1245,2022-03-19,2025-06-04,Contractor,15012.37,31,484.27,Building Materials,10854.23,Elite,5,No
1246,2022-07-04,2024-02-29,Painter,13619.85,29,469.65,Paint,11905.09,Elite,6,No
1247,2022-03-26,2024-04-28,Roofer,11470.8,30,382.36,Outdoor,8677.34,Member,5,No
1248,2024-10-23,2025-02-28,Plumber,9256.2,20,462.81,Paint,6766.75,Member,0,No
1249,2023-12-05,2025-05-07,Roofer,8512.98,21,405.38,Outdoor,6399.78,Member,0,Yes
1250,2024-06-15,2024-05-09,Roofer,6707.03,23,291.61,Tools,5921.92,Member,3,Yes
1251,2023-08-03,2024-07-01,Painter,10245.7,29,353.3,Building Materials,9258.72,Member,1,Yes
1252,2023-11-17,2025-05-26,Contractor,11406.46,19,600.34,Plumbing,9893.84,Member,3,Yes
1253,2023-06-01,2025-03-01,Contractor,12241.84,26,470.84,Plumbing,10709.43,Elite,0,Yes
1254,2023-12-18,2024-09-18,Landscaper,5947.28,17,349.84,Outdoor,5344.47,Member,1,Yes
1255,2022-06-23,2024-09-18,Roofer,10214.88,26,392.88,Paint,9122.38,Member,3,Yes
1256,2022-09-19,2024-02-09,Plumber,11208.86,19,589.94,Outdoor,10100.72,Elite,6,Yes
1257,2022-02-07,2024-07-26,Contractor,7277.48,14,519.82,Electrical,7170.87,Member,2,Yes
1258,2024-09-22,2025-01-17,Electrician,15538.88,28,554.96,Electrical,11599.52,Elite,3,Yes
1259,2022-07-27,2024-02-29,Roofer,17095.78,26,657.53,Outdoor,16499.22,Elite,3,Yes
1260,2023-11-21,2025-03-20,Roofer,9621.5,25,384.86,Paint,7180.29,Member,1,Yes
1261,2022-12-06,2024-05-10,Plumber,16072.96,32,502.28,Paint,13007.68,Elite,3,No
1262,2024-06-28,2024-10-14,Landscaper,16814.25,27,622.75,Paint,12950.35,Elite,5,Yes
1263,2024-08-18,2025-01-15,Contractor,8485.2,20,424.26,Outdoor,8350.62,Member,0,No
1264,2024-08-03,2024-10-17,Painter,12452.08,31,401.68,Tools,10686.85,Elite,8,No
1265,2023-02-13,2025-03-13,Contractor,10866.35,23,472.45,Plumbing,9696.63,Member,4,No
1266,2022-07-30,2024-02-20,Plumber,13388.88,24,557.87,Building Materials,9709.11,Member,1,Yes
1267,2024-07-09,2024-02-23,Electrician,17002.59,33,515.23,Paint,12369.62,Elite,1,No
1268,2024-07-12,2024-08-09,Plumber,19722.45,33,597.65,Paint,14120.82,Elite,7,Yes
1269,2023-04-28,2024-07-02,Plumber,14482.6,29,499.4,Building Materials,11113.39,Elite,5,Yes
1270,2022-07-22,2024-08-23,Electrician,8948.8,20,447.44,Electrical,6366.99,Member,4,No
1271,2024-08-25,2025-03-12,Landscaper,11070.57,21,527.17,Paint,9239.28,Member,0,Yes
1272,2022-06-12,2025-07-13,Contractor,9516.48,23,413.76,Electrical,9045.31,Member,0,No
1273,2024-12-16,2024-05-25,Plumber,12821.2,40,320.53,Building Materials,9888.89,Member,4,Yes
1274,2023-05-04,2024-05-29,Landscaper,12913.99,29,445.31,Tools,10810.74,Elite,5,Yes
1275,2024-10-20,2024-01-31,Plumber,9611.28,21,457.68,Outdoor,8213.92,Member,0,Yes
1276,2022-10-22,2024-10-07,Painter,6475.48,22,294.34,Plumbing,5727.19,Member,1,Yes
1277,2024-05-03,2025-01-22,Landscaper,11208.51,27,415.13,Outdoor,8133.84,Member,1,No
1278,2022-05-19,2024-02-10,Roofer,13181.13,27,488.19,Tools,12336.53,Elite,5,Yes
1279,2022-02-11,2024-06-28,Painter,11026.6,26,424.1,Plumbing,9821.41,Member,1,No
1280,2023-06-04,2025-07-16,Contractor,10977.96,21,522.76,Plumbing,8820.14,Member,2,No
1281,2022-08-01,2023-12-15,Landscaper,6279.12,12,523.26,Building Materials,4646.69,Member,1,Yes
1282,2023-11-25,2025-02-03,Landscaper,11915.86,22,541.63,Paint,11847.29,Elite,5,Yes
1283,2023-01-09,2025-03-16,Plumber,15812.16,24,658.84,Outdoor,14750.49,Elite,4,Yes
1284,2023-08-24,2025-01-07,Plumber,10655.58,19,560.82,Electrical,10290.49,Elite,2,Yes
1285,2023-09-28,2024-02-21,Painter,7752.4,20,387.62,Tools,6527.68,Member,5,Yes
1286,2023-01-27,2024-10-13,Contractor,16647.31,31,537.01,Plumbing,15977.08,Elite,5,Yes
1287,2022-09-12,2024-07-21,Painter,24161.9,35,690.34,Paint,22301.25,Elite,4,No
1288,2024-03-02,2024-08-19,Electrician,17937.6,32,560.55,Paint,16280.53,Elite,7,Yes
1289,2024-11-29,2024-11-01,Plumber,12266.8,20,613.34,Outdoor,10148.94,Elite,2,Yes
1290,2023-01-05,2024-01-21,Contractor,7984.62,18,443.59,Building Materials,5835.0,Member,2,Yes
1291,2023-08-29,2024-09-22,Painter,11065.08,26,425.58,Tools,10127.86,Elite,6,Yes
1292,2024-06-28,2024-08-07,Painter,11214.28,22,509.74,Plumbing,10295.21,Elite,6,No
1293,2024-06-09,2024-10-24,Landscaper,13049.7,30,434.99,Plumbing,9428.57,Member,2,No
1294,2024-01-15,2024-02-23,Landscaper,8849.62,26,340.37,Outdoor,6619.48,Member,0,Yes
1295,2024-06-16,2025-06-27,Electrician,8069.78,23,350.86,Plumbing,6220.18,Member,0,No
1296,2024-01-12,2024-07-05,Roofer,12898.2,21,614.2,Plumbing,11370.13,Elite,7,No
1297,2024-01-30,2024-07-17,Painter,14800.86,27,548.18,Plumbing,12908.96,Elite,4,Yes
1298,2024-03-26,2024-09-14,Landscaper,7776.0,25,311.04,Building Materials,6025.49,Member,0,Yes
1299,2023-01-17,2024-03-08,Roofer,15299.18,26,588.43,Paint,14902.36,Elite,6,Yes
1300,2023-06-18,2024-05-02,Electrician,15776.7,30,525.89,Tools,12395.33,Elite,5,No
1301,2024-10-02,2025-01-09,Plumber,6456.1,23,280.7,Electrical,6171.05,Member,1,No
1302,2024-06-30,2025-05-04,Landscaper,10295.78,22,467.99,Building Materials,9269.83,Member,4,No
1303,2023-08-18,2024-09-28,Electrician,7722.88,22,351.04,Outdoor,7049.98,Member,3,No
1304,2022-12-23,2024-07-27,Roofer,12120.24,24,505.01,Electrical,8925.45,Member,0,Yes
1305,2022-10-12,2024-12-02,Painter,7797.2,20,389.86,Plumbing,6302.23,Member,2,No
1306,2024-08-15,2024-01-15,Electrician,11649.04,26,448.04,Tools,11244.51,Elite,6,Yes
1307,2024-03-26,2024-03-29,Roofer,13875.6,30,462.52,Paint,12914.71,Elite,4,No
1308,2022-06-01,2025-03-26,Contractor,16376.04,36,454.89,Outdoor,11827.59,Elite,5,Yes
1309,2024-11-25,2024-08-14,Electrician,6504.54,21,309.74,Tools,5801.65,Member,5,Yes
1310,2022-09-22,2024-05-15,Roofer,8697.68,23,378.16,Plumbing,8257.73,Member,3,No
1311,2023-09-15,2025-02-14,Electrician,11479.5,30,382.65,Building Materials,11254.75,Elite,5,Yes
1312,2024-11-28,2024-10-15,Plumber,8943.48,27,331.24,Building Materials,6787.12,Member,2,No
1313,2023-07-17,2025-03-26,Landscaper,9087.6,20,454.38,Building Materials,8036.42,Member,1,Yes
1314,2022-12-12,2023-12-16,Electrician,10644.75,27,394.25,Electrical,9554.94,Member,0,No
1315,2023-11-23,2024-01-02,Plumber,9610.38,26,369.63,Plumbing,6961.44,Member,5,No
1316,2023-06-27,2024-12-29,Roofer,12165.6,24,506.9,Paint,10771.82,Elite,8,Yes
1317,2023-08-17,2024-09-26,Painter,8228.43,21,391.83,Electrical,7746.3,Member,0,No
1318,2023-09-02,2024-04-24,Plumber,9521.61,21,453.41,Outdoor,6836.27,Member,0,No
1319,2024-09-18,2024-04-13,Electrician,10144.89,21,483.09,Building Materials,8947.77,Member,3,Yes
1320,2023-10-16,2024-08-13,Painter,14319.25,25,572.77,Electrical,13291.12,Elite,2,Yes
1321,2022-08-06,2024-09-09,Electrician,9867.0,26,379.5,Paint,7269.58,Member,1,No
1322,2022-10-16,2025-04-24,Plumber,8871.86,19,466.94,Building Materials,8726.5,Member,0,No
1323,2024-05-06,2024-11-20,Electrician,6399.65,17,376.45,Building Materials,6272.46,Member,4,No
1324,2023-01-24,2025-02-19,Painter,9200.79,27,340.77,Tools,7729.07,Member,1,No
1325,2024-10-15,2025-07-09,Plumber,17730.18,26,681.93,Paint,15099.61,Elite,5,No
1326,2023-03-17,2023-12-13,Contractor,7876.95,17,463.35,Plumbing,5633.3,Member,1,No
1327,2024-08-21,2024-10-13,Roofer,10770.6,29,371.4,Plumbing,10276.79,Elite,2,Yes
1328,2023-06-26,2024-07-23,Painter,8831.16,26,339.66,Building Materials,6301.67,Member,0,Yes
1329,2023-02-03,2024-07-26,Roofer,11684.14,26,449.39,Building Materials,8436.64,Member,3,No
1330,2023-07-27,2025-04-02,Electrician,9754.38,18,541.91,Plumbing,7980.75,Member,1,No
1331,2023-11-26,2024-01-08,Contractor,11878.89,31,383.19,Electrical,9024.6,Member,3,No
1332,2024-10-21,2025-06-21,Plumber,8058.4,16,503.65,Plumbing,5972.17,Member,0,Yes
1333,2024-08-28,2024-02-17,Painter,12847.57,23,558.59,Electrical,11329.99,Elite,5,Yes
1334,2023-11-03,2024-09-09,Electrician,20026.68,34,589.02,Paint,19970.3,Elite,6,No
1335,2023-09-05,2024-08-22,Roofer,6526.31,19,343.49,Tools,5610.68,Member,1,No
1336,2023-09-06,2024-04-02,Plumber,10480.18,23,455.66,Building Materials,8377.56,Member,3,Yes
1337,2024-05-03,2023-12-13,Contractor,17801.55,39,456.45,Outdoor,17118.5,Elite,1,No
1338,2024-08-29,2024-11-03,Landscaper,7896.72,24,329.03,Tools,6896.13,Member,3,No
1339,2024-09-10,2025-02-08,Roofer,11573.82,27,428.66,Outdoor,10605.73,Elite,7,No
1340,2024-02-18,2025-03-03,Landscaper,5829.9,15,388.66,Electrical,4136.15,Member,1,No
1341,2022-08-14,2025-01-18,Plumber,13049.68,28,466.06,Paint,10362.85,Elite,5,Yes
1342,2023-02-22,2024-06-07,Roofer,16348.8,30,544.96,Tools,15958.98,Elite,2,No
1343,2022-05-08,2025-03-13,Roofer,7832.75,25,313.31,Electrical,6800.91,Member,1,No
1344,2024-09-06,2024-02-10,Painter,11595.45,23,504.15,Building Materials,11444.77,Elite,6,Yes
1345,2024-12-27,2024-08-16,Roofer,11378.15,29,392.35,Building Materials,10271.75,Elite,0,No
1346,2023-06-26,2024-03-24,Electrician,8761.19,29,302.11,Electrical,6866.16,Member,2,Yes
1347,2023-09-02,2024-10-10,Landscaper,17092.52,37,461.96,Electrical,15504.15,Elite,3,Yes
1348,2024-09-09,2024-08-09,Roofer,10734.48,24,447.27,Outdoor,8394.76,Member,0,Yes
1349,2024-02-17,2024-06-23,Contractor,8221.49,19,432.71,Electrical,6471.43,Member,5,Yes
1350,2022-06-11,2024-08-12,Painter,13733.76,23,597.12,Outdoor,10670.21,Elite,4,Yes
1351,2023-02-18,2024-01-28,Contractor,11683.2,30,389.44,Tools,10618.29,Elite,8,Yes
1352,2023-05-06,2024-11-26,Plumber,13980.33,21,665.73,Outdoor,13582.66,Elite,3,Yes
1353,2023-04-22,2025-06-09,Plumber,15664.59,27,580.17,Paint,12517.39,Elite,8,Yes
1354,2022-10-09,2025-07-27,Roofer,7440.0,15,496.0,Electrical,6116.22,Member,0,No
1355,2024-09-01,2024-03-31,Landscaper,10336.75,25,413.47,Electrical,9579.82,Member,2,Yes
1356,2023-08-08,2025-06-02,Plumber,5044.64,16,315.29,Outdoor,4400.14,Member,0,No
1357,2022-03-18,2025-02-03,Painter,7942.13,23,345.31,Electrical,7784.69,Member,3,Yes
1358,2024-03-24,2024-03-12,Electrician,10802.83,19,568.57,Outdoor,10680.1,Elite,6,No
1359,2022-03-18,2025-07-23,Contractor,11541.6,21,549.6,Tools,10166.24,Elite,3,No
1360,2023-11-18,2024-10-14,Painter,11278.71,27,417.73,Outdoor,9733.42,Member,1,No
1361,2022-10-02,2024-03-03,Painter,13380.93,27,495.59,Building Materials,10140.65,Elite,9,Yes
1362,2022-11-29,2024-04-19,Landscaper,13671.0,30,455.7,Building Materials,12516.89,Elite,5,Yes
1363,2023-11-22,2024-10-03,Roofer,13099.58,26,503.83,Outdoor,12145.73,Elite,7,Yes
1364,2024-04-10,2024-05-21,Roofer,6219.36,18,345.52,Building Materials,4515.39,Member,0,No
1365,2023-01-14,2025-03-11,Painter,10268.88,24,427.87,Building Materials,10071.18,Elite,4,Yes
1366,2024-02-25,2024-12-03,Painter,17153.6,32,536.05,Building Materials,16917.06,Elite,3,Yes
1367,2022-01-24,2024-11-07,Landscaper,14029.29,33,425.13,Building Materials,12736.22,Elite,8,Yes
1368,2022-08-31,2024-04-12,Contractor,16004.99,31,516.29,Electrical,13150.1,Elite,7,Yes
1369,2023-09-29,2025-04-03,Landscaper,9799.4,20,489.97,Building Materials,7940.09,Member,0,Yes
1370,2022-10-01,2024-03-30,Electrician,17214.9,30,573.83,Paint,15912.08,Elite,5,No
1371,2024-05-01,2024-01-17,Painter,13748.32,29,474.08,Tools,12931.65,Elite,10,No
1372,2023-05-22,2025-05-10,Roofer,11557.26,22,525.33,Paint,9921.35,Member,2,Yes
1373,2022-08-18,2025-05-30,Roofer,11776.05,27,436.15,Tools,8957.42,Member,0,No
1374,2022-12-03,2024-08-31,Roofer,6663.15,17,391.95,Paint,4896.56,Member,3,Yes
1375,2024-09-28,2025-04-30,Roofer,8590.66,26,330.41,Paint,8097.62,Member,2,No
1376,2024-11-17,2024-06-02,Painter,10041.8,23,436.6,Tools,7203.19,Member,2,No
1377,2023-09-24,2025-07-10,Painter,10773.79,29,371.51,Building Materials,10180.54,Elite,6,No
1378,2022-05-30,2025-06-16,Painter,13366.25,37,361.25,Building Materials,12164.83,Elite,4,Yes
1379,2022-05-04,2025-05-23,Painter,13699.4,22,622.7,Plumbing,10769.47,Elite,4,Yes
1380,2022-10-05,2024-05-28,Contractor,9861.12,32,308.16,Paint,8229.71,Member,0,No
1381,2024-02-13,2024-07-13,Plumber,8328.04,28,297.43,Outdoor,8238.46,Member,4,No
1382,2022-09-30,2024-08-10,Plumber,11844.3,30,394.81,Electrical,11818.88,Elite,10,Yes
1383,2022-09-18,2024-12-16,Plumber,16313.67,27,604.21,Plumbing,16208.4,Elite,9,Yes
1384,2024-05-18,2024-02-04,Painter,14362.66,26,552.41,Electrical,11120.34,Elite,6,Yes
1385,2023-07-19,2025-01-20,Landscaper,7731.78,21,368.18,Plumbing,5486.98,Member,1,No
1386,2022-02-02,2024-11-28,Electrician,7794.6,15,519.64,Plumbing,5692.15,Member,3,Yes
1387,2022-04-10,2024-11-24,Landscaper,10074.9,30,335.83,Plumbing,8268.26,Member,1,Yes
1388,2023-03-21,2025-06-05,Electrician,9718.06,22,441.73,Tools,9699.06,Member,1,Yes
1389,2023-10-16,2023-12-19,Roofer,9037.08,26,347.58,Outdoor,8544.69,Member,5,Yes
1390,2022-10-21,2024-02-15,Electrician,11538.45,27,427.35,Paint,9117.11,Member,0,Yes
1391,2022-12-25,2024-05-21,Roofer,19792.26,31,638.46,Paint,14132.96,Elite,8,Yes
1392,2024-02-20,2024-02-11,Contractor,9281.8,20,464.09,Outdoor,7656.53,Member,0,Yes
1393,2024-02-10,2025-01-25,Roofer,8874.8,22,403.4,Paint,6853.92,Member,0,Yes
1394,2022-10-23,2024-04-14,Plumber,6660.2,20,333.01,Tools,5486.69,Member,0,Yes
1395,2024-12-21,2025-03-17,Painter,8050.5,18,447.25,Electrical,6251.2,Member,5,Yes
1396,2022-06-11,2024-04-28,Contractor,9354.72,24,389.78,Plumbing,8051.52,Member,2,No
1397,2022-04-16,2024-10-31,Painter,14218.47,27,526.61,Outdoor,12533.45,Elite,7,Yes
1398,2022-05-30,2025-01-21,Roofer,16279.26,37,439.98,Outdoor,14674.7,Elite,4,Yes
1399,2023-03-04,2024-08-26,Contractor,8974.35,21,427.35,Plumbing,6852.3,Member,2,Yes
1400,2022-08-29,2024-03-29,Electrician,12584.67,21,599.27,Outdoor,11091.13,Elite,4,Yes
1401,2023-05-06,2024-01-14,Contractor,3113.7,15,207.58,Building Materials,2535.17,Member,3,No
1402,2024-01-06,2024-09-20,Contractor,10504.1,23,456.7,Building Materials,8968.87,Member,3,No
1403,2022-07-21,2024-04-08,Contractor,10281.25,35,293.75,Electrical,8340.27,Member,0,Yes
1404,2023-03-30,2025-03-05,Plumber,10066.56,21,479.36,Building Materials,8717.58,Member,0,No
1405,2024-05-05,2024-10-03,Electrician,10166.58,27,376.54,Electrical,8122.69,Member,0,Yes
1406,2023-05-19,2024-03-08,Roofer,10801.02,31,348.42,Outdoor,10617.83,Elite,5,Yes
1407,2024-09-27,2024-03-17,Painter,14496.84,31,467.64,Electrical,13334.65,Elite,4,Yes
1408,2022-10-14,2024-01-20,Painter,8912.54,26,342.79,Electrical,8690.35,Member,0,No
1409,2022-05-01,2024-02-12,Plumber,6625.01,31,213.71,Plumbing,6516.07,Member,0,No
1410,2022-01-14,2024-06-05,Electrician,12206.16,27,452.08,Outdoor,9391.79,Member,0,No
1411,2022-01-19,2024-12-21,Roofer,11562.0,30,385.4,Paint,9387.88,Member,0,No
1412,2024-09-16,2024-03-20,Plumber,8783.13,19,462.27,Plumbing,7550.54,Member,5,Yes
1413,2022-02-04,2024-02-06,Landscaper,11304.51,21,538.31,Building Materials,9730.03,Member,1,Yes
1414,2024-10-25,2024-05-18,Electrician,12476.88,26,479.88,Plumbing,12170.13,Elite,3,Yes
1415,2023-05-09,2025-01-17,Roofer,13839.9,30,461.33,Tools,10735.96,Elite,2,Yes
1416,2024-03-23,2025-05-13,Contractor,14021.26,22,637.33,Paint,11745.6,Elite,7,Yes
1417,2023-04-08,2024-09-28,Landscaper,13703.7,30,456.79,Plumbing,12280.17,Elite,6,No
1418,2022-03-06,2025-04-28,Painter,7327.35,19,385.65,Paint,5958.24,Member,4,No
1419,2022-01-20,2025-02-07,Plumber,6735.31,19,354.49,Paint,6422.78,Member,2,No
1420,2023-11-10,2023-12-31,Plumber,10858.08,24,452.42,Tools,10594.72,Elite,7,Yes
1421,2024-08-31,2024-10-28,Plumber,13406.64,39,343.76,Plumbing,12137.41,Elite,5,Yes
1422,2022-03-09,2025-01-30,Contractor,18199.68,32,568.74,Plumbing,17989.31,Elite,10,Yes
1423,2024-03-26,2025-05-15,Contractor,9337.0,20,466.85,Electrical,8115.6,Member,4,No
1424,2024-03-07,2024-01-26,Contractor,16287.88,28,581.71,Paint,15093.7,Elite,4,Yes
1425,2022-06-10,2024-03-07,Landscaper,13912.8,24,579.7,Building Materials,9963.08,Member,1,No
1426,2022-06-05,2024-08-18,Roofer,11749.32,22,534.06,Tools,11590.21,Elite,6,Yes
1427,2023-10-31,2025-07-02,Landscaper,6983.94,17,410.82,Building Materials,6530.43,Member,0,No
1428,2023-04-13,2024-08-02,Roofer,13721.28,24,571.72,Paint,11382.55,Elite,8,No
1429,2024-02-18,2025-05-06,Roofer,11278.51,23,490.37,Building Materials,10595.22,Elite,4,No
1430,2022-06-18,2024-10-31,Electrician,8966.7,27,332.1,Paint,8191.11,Member,4,No
1431,2024-03-08,2024-09-11,Contractor,13393.24,28,478.33,Plumbing,9742.99,Member,1,No
1432,2024-06-29,2024-07-29,Contractor,11279.73,21,537.13,Plumbing,8344.2,Member,0,Yes
1433,2024-07-08,2024-01-09,Roofer,9799.16,28,349.97,Tools,8058.96,Member,0,Yes
1434,2023-12-26,2024-01-12,Plumber,14729.4,30,490.98,Tools,12953.23,Elite,4,Yes
1435,2024-02-28,2025-07-20,Contractor,12228.72,28,436.74,Paint,9982.79,Member,0,Yes
1436,2023-05-13,2023-12-25,Roofer,5585.52,24,232.73,Electrical,5058.22,Member,3,Yes
1437,2023-07-05,2024-09-27,Contractor,17048.21,43,396.47,Paint,12680.13,Elite,4,Yes
1438,2023-07-20,2024-05-27,Contractor,11028.82,22,501.31,Paint,10309.74,Elite,4,Yes
1439,2023-05-21,2024-03-12,Roofer,11099.2,28,396.4,Tools,8420.57,Member,3,Yes
1440,2023-09-16,2025-07-26,Painter,15575.36,32,486.73,Building Materials,14835.28,Elite,8,Yes
1441,2023-11-06,2024-05-08,Contractor,7617.02,17,448.06,Paint,7195.36,Member,1,No
1442,2022-10-06,2024-09-28,Contractor,7581.86,22,344.63,Tools,7461.94,Member,0,Yes
1443,2023-10-06,2025-02-01,Painter,15805.87,29,545.03,Building Materials,12446.09,Elite,8,No
1444,2024-10-02,2023-12-21,Electrician,14065.92,32,439.56,Building Materials,11433.01,Elite,4,No
1445,2024-03-15,2024-07-24,Plumber,13710.3,30,457.01,Tools,10419.01,Elite,7,No
1446,2023-01-04,2024-01-16,Plumber,14235.52,26,547.52,Outdoor,11936.29,Elite,6,No
1447,2024-06-16,2024-10-07,Landscaper,5749.76,32,179.68,Plumbing,5437.49,Member,3,No
1448,2024-04-17,2024-03-08,Electrician,11024.64,22,501.12,Outdoor,8718.83,Member,4,Yes
1449,2022-11-12,2024-05-25,Painter,19559.36,32,611.23,Plumbing,16326.59,Elite,7,Yes
1450,2024-03-31,2024-02-01,Roofer,11896.04,26,457.54,Outdoor,9820.06,Member,0,Yes
1451,2024-01-07,2024-01-30,Roofer,11340.53,17,667.09,Outdoor,11049.31,Elite,4,Yes
1452,2023-05-24,2024-08-03,Electrician,16356.96,36,454.36,Outdoor,14456.34,Elite,8,Yes
1453,2024-03-29,2024-08-27,Painter,10145.25,27,375.75,Plumbing,7133.78,Member,0,Yes
1454,2024-11-11,2024-02-17,Roofer,10176.75,25,407.07,Tools,9223.18,Member,0,Yes
1455,2024-02-06,2024-06-27,Painter,7488.25,25,299.53,Outdoor,6564.03,Member,3,No
1456,2023-12-08,2025-07-07,Painter,8381.6,20,419.08,Plumbing,6609.98,Member,0,No
1457,2022-06-25,2025-04-05,Landscaper,7874.4,30,262.48,Electrical,6334.94,Member,2,Yes
1458,2023-02-28,2024-02-15,Painter,16024.88,34,471.32,Building Materials,13506.55,Elite,3,Yes
1459,2024-07-15,2024-09-09,Plumber,10036.8,18,557.6,Building Materials,7160.3,Member,2,No
1460,2022-02-16,2024-08-15,Landscaper,9479.0,25,379.16,Plumbing,8560.88,Member,0,Yes
1461,2023-05-15,2024-02-20,Electrician,11441.04,24,476.71,Tools,8558.36,Member,3,No
1462,2024-08-04,2024-12-07,Painter,10845.63,27,401.69,Outdoor,8192.09,Member,2,No
1463,2024-06-04,2024-06-22,Plumber,12835.62,21,611.22,Outdoor,11349.67,Elite,6,Yes
1464,2024-05-29,2024-06-29,Plumber,4226.76,18,234.82,Outdoor,3231.1,Member,0,Yes
1465,2022-05-09,2023-12-19,Plumber,7863.66,18,436.87,Tools,5945.62,Member,2,Yes
1466,2024-07-26,2025-04-07,Contractor,7469.92,16,466.87,Outdoor,7162.09,Member,2,No
1467,2023-10-04,2024-06-30,Roofer,12323.92,28,440.14,Paint,10797.0,Elite,5,Yes
1468,2024-07-26,2025-02-06,Landscaper,10496.52,27,388.76,Outdoor,9868.66,Member,2,No
1469,2022-06-23,2025-03-17,Contractor,11075.79,33,335.63,Plumbing,8545.77,Member,2,Yes
1470,2024-02-04,2025-03-10,Roofer,8692.86,22,395.13,Paint,7175.71,Member,2,Yes
1471,2024-02-25,2024-05-25,Electrician,10378.26,18,576.57,Paint,9243.4,Member,0,No
1472,2022-12-21,2024-01-11,Electrician,10405.26,27,385.38,Paint,8185.3,Member,5,Yes
1473,2024-07-12,2025-06-08,Contractor,15401.68,28,550.06,Plumbing,13020.31,Elite,3,Yes
1474,2024-02-26,2024-01-04,Roofer,11492.88,24,478.87,Outdoor,9751.6,Member,2,No
1475,2024-05-01,2024-05-04,Painter,17468.55,33,529.35,Electrical,12661.23,Elite,1,Yes
1476,2023-03-28,2024-10-06,Plumber,12724.75,23,553.25,Building Materials,9765.65,Member,4,Yes
1477,2024-07-25,2023-12-31,Landscaper,7806.89,23,339.43,Paint,6752.32,Member,1,Yes
1478,2022-08-22,2024-10-31,Roofer,18592.96,32,581.03,Building Materials,16038.53,Elite,7,No
1479,2024-06-22,2024-01-20,Electrician,6478.18,23,281.66,Paint,4733.77,Member,0,No
1480,2023-05-22,2024-10-01,Plumber,9143.96,28,326.57,Paint,7121.72,Member,0,No
1481,2022-06-28,2024-05-09,Plumber,11273.36,28,402.62,Electrical,8601.16,Member,1,No
1482,2023-12-20,2024-05-20,Electrician,10146.68,23,441.16,Tools,7526.51,Member,1,Yes
1483,2023-02-28,2025-06-02,Roofer,8058.28,19,424.12,Building Materials,6927.58,Member,5,No
1484,2022-12-11,2024-09-04,Landscaper,11433.4,22,519.7,Building Materials,8995.8,Member,1,Yes
1485,2024-11-19,2025-04-26,Electrician,11421.02,26,439.27,Paint,11142.7,Elite,5,No
1486,2022-09-17,2025-03-19,Electrician,7604.03,23,330.61,Electrical,6945.66,Member,2,No
1487,2024-03-15,2024-03-18,Electrician,13359.06,26,513.81,Tools,11885.83,Elite,6,No
1488,2024-02-08,2024-04-26,Plumber,8909.28,24,371.22,Outdoor,8360.29,Member,0,No
1489,2024-04-05,2024-02-21,Landscaper,3781.05,15,252.07,Building Materials,3434.75,Member,3,No
1490,2024-07-20,2024-03-20,Contractor,17092.66,26,657.41,Tools,11977.54,Elite,3,No
1491,2022-07-10,2024-04-19,Landscaper,14002.5,25,560.1,Outdoor,12730.89,Elite,8,No
1492,2024-12-30,2024-06-20,Electrician,10893.69,27,403.47,Paint,10321.27,Elite,4,Yes
1493,2023-10-24,2024-10-15,Contractor,11884.25,25,475.37,Tools,10379.47,Elite,5,Yes
1494,2024-09-20,2024-08-15,Landscaper,12020.25,25,480.81,Plumbing,8579.85,Member,1,No
1495,2024-07-30,2025-07-16,Plumber,9218.88,18,512.16,Electrical,7673.66,Member,1,Yes
1496,2024-05-26,2025-01-06,Landscaper,17069.85,35,487.71,Electrical,16466.33,Elite,4,Yes
1497,2023-07-16,2025-04-28,Landscaper,6817.5,25,272.7,Building Materials,5284.36,Member,4,Yes
1498,2022-12-05,2025-06-09,Painter,8589.46,22,390.43,Outdoor,6799.87,Member,4,No
1499,2023-04-25,2024-05-19,Landscaper,13890.25,25,555.61,Plumbing,12655.54,Elite,5,Yes
1500,2024-09-03,2025-05-14,Electrician,15166.8,30,505.56,Tools,11645.94,Elite,5,No
